{"correlation_matrix": {"day_of_week_x": {"day_of_week_x": 1.0, "Hour_of_Day": 5.0606941771902875e-18, "Value (kWh)": 0.026674090254703256, "Temp_avg": -0.011125168147980709, "HDD": 0.0061292412789564175, "CDD": -0.012676957085110043}, "Hour_of_Day": {"day_of_week_x": 5.0606941771902875e-18, "Hour_of_Day": 1.0, "Value (kWh)": 0.29665644296847177, "Temp_avg": -3.287171434249289e-16, "HDD": 1.720397211519636e-16, "CDD": -3.718961715348745e-16}, "Value (kWh)": {"day_of_week_x": 0.026674090254703256, "Hour_of_Day": 0.29665644296847177, "Value (kWh)": 1.0, "Temp_avg": 0.41736918548906815, "HDD": -0.22080236642935533, "CDD": 0.48255756069870287}, "Temp_avg": {"day_of_week_x": -0.011125168147980709, "Hour_of_Day": -3.287171434249289e-16, "Value (kWh)": 0.41736918548906815, "Temp_avg": 1.0, "HDD": -0.8466585975624007, "CDD": 0.9139315367044312}, "HDD": {"day_of_week_x": 0.0061292412789564175, "Hour_of_Day": 1.720397211519636e-16, "Value (kWh)": -0.22080236642935533, "Temp_avg": -0.8466585975624007, "HDD": 1.0, "CDD": -0.5578106246220449}, "CDD": {"day_of_week_x": -0.012676957085110043, "Hour_of_Day": -3.718961715348745e-16, "Value (kWh)": 0.48255756069870287, "Temp_avg": 0.9139315367044312, "HDD": -0.5578106246220449, "CDD": 1.0}}}